"Name","ContactKey","Contact","Pay Band","Boundary","Start Date","End Date","Cost","Data Source","Owner"
"","118766","","A","London","2019-10-01 00:00:00","2019-11-11 00:00:00","20","",""
"","133114","","B","London","2019-10-01 00:00:00","2019-11-11 00:00:00","10","",""
"","133162","","C","Fringe","2019-01-01 00:00:00","2019-11-11 00:00:00","15","",""
"","133799","","C","Fringe","2019-10-01 00:00:00","2019-11-11 00:00:00","25","",""
"","133800","","A","London","2019-10-01 00:00:00","2019-11-11 00:00:00","40","",""
"","133863","","A","London","2019-10-01 00:00:00","2019-11-11 00:00:00","100","",""
"","133898","","A","London","2019-10-01 00:00:00","2019-11-11 00:00:00","20","",""
"","133900","","A","London","2019-10-01 00:00:00","2019-11-11 00:00:00","20","",""
"","134050","","C","Fringe","2019-10-01 00:00:00","2019-11-11 00:00:00","15","",""
"","134183","","C","Fringe","2019-10-01 00:00:00","2019-11-11 00:00:00","15","",""
"","134400","","C","Fringe","2019-10-01 00:00:00","2019-11-11 00:00:00","15","",""
"","134450","","D","London","2019-10-01 00:00:00","2019-11-11 00:00:00","10","",""
"","94953","","C","Fringe","2019-10-01 00:00:00","2019-11-11 00:00:00","15","",""
"","95030","","D","London","2019-10-01 00:00:00","2019-11-11 00:00:00","10","",""
"","95489","","D","Fringe","2019-10-01 00:00:00","2019-11-11 00:00:00","10","",""
"","95814","","D","Fringe","2019-10-01 00:00:00","2019-11-11 00:00:00","10","",""
"","96073","","D","Fringe","2019-10-01 00:00:00","2019-11-11 00:00:00","10","",""
"","96148","","D","Fringe","2019-10-01 00:00:00","2019-11-11 00:00:00","10","",""
"","96400","","D","Fringe","2019-10-01 00:00:00","2019-11-11 00:00:00","10","",""
"","96434","","D","Fringe","2019-10-01 00:00:00","2019-11-11 00:00:00","10","",""
"","96548","","D","Fringe","2019-10-01 00:00:00","2019-11-11 00:00:00","10","",""
"","96802","","A","London","2019-10-01 00:00:00","2019-11-11 00:00:00","20","",""
"","96952","","A","London","2019-10-01 00:00:00","2019-11-11 00:00:00","20","",""
"","97386","","A","London","2019-10-01 00:00:00","2019-11-11 00:00:00","20","",""
"","97588","","A","London","2019-10-01 00:00:00","2019-11-11 00:00:00","20","",""
"","94930","","A","London","2019-10-01 00:00:00","2019-11-11 00:00:00","20","",""
"","94944","","A","London","2019-10-01 00:00:00","2019-11-11 00:00:00","20","",""
"","132947","","A","London","2019-10-01 00:00:00","2019-11-11 00:00:00","20","",""
"","133062","","A","London","2019-10-01 00:00:00","2019-11-11 00:00:00","20","",""
